network_threshold,compound,n_targets,mean_target_tpm,observed_influence,null_mean,null_std,z_score,p_value,p_fdr,significant
700,Hyperforin,10,104.716272,0.1448746814465393,0.0251658927770682,0.0114403057404741,10.463775303308434,1e-16,1e-16,True
700,Quercetin,62,49.52862919354838,0.0511089338986101,0.023666011758167,0.0041242328187065,6.654067155464278,1.4255152613884547e-11,1.4255152613884547e-11,True
900,Hyperforin,10,104.716272,0.1329740928873287,0.0198331519401385,0.0124777343773847,9.067426627725936,1e-16,1e-16,True
900,Quercetin,62,49.52862919354838,0.0493442089661472,0.0207831822543215,0.0051409906099971,5.555549285829453,1.3837005652383992e-08,1.3837005652383992e-08,True
