network_threshold,compound,n_targets,mean_target_tpm,observed_influence,null_mean,null_std,z_score,p_value,p_fdr,significant
700,Hyperforin,10,104.716272,0.14487468144653934,0.02516589277706824,0.011440305740474149,10.463775303308434,1e-16,2e-16,True
700,Quercetin,62,49.52862919354838,0.051108933898610126,0.02366601175816704,0.0041242328187065455,6.654067155464278,1.4255152613884547e-11,1.4255152613884547e-11,True
900,Hyperforin,10,104.716272,0.1329740928873287,0.019833151940138512,0.012477734377384793,9.067426627725936,1e-16,2e-16,True
900,Quercetin,62,49.52862919354838,0.049344208966147225,0.020783182254321513,0.005140990609997172,5.555549285829453,1.3837005652383993e-08,1.3837005652383993e-08,True
