network_threshold,compound,n_targets,mean_target_tpm,observed_influence,null_mean,null_std,z_score,p_value,p_fdr,significant
700,Hyperforin,9,115.54268777777777,0.13411412242319584,0.02448773852806411,0.012455118116390938,8.801713710836944,0.0,0.0,True
700,Quercetin,62,49.52862919354838,0.051108933898610126,0.02366601175816704,0.0041242328187065455,6.654067155464278,1.4255152613884547e-11,1.4255152613884547e-11,True
900,Hyperforin,9,115.54268777777777,0.1208333707182544,0.019387381269837915,0.0126891624616435,7.9946954540983315,6.661338147750939e-16,1.3322676295501878e-15,True
900,Quercetin,62,49.52862919354838,0.049344208966147225,0.020783182254321513,0.005140990609997172,5.555549285829453,1.3837005652383993e-08,1.3837005652383993e-08,True
