network_threshold,compound,n_targets,observed_influence,null_mean,null_std,z_score,p_value,p_fdr,significant
700,Hyperforin,10,0.1211639397384623,0.0176559828018028,0.0094963493130205,10.89976300626794,1e-16,1e-16,True
700,Quercetin,62,0.0326216272539358,0.0160344570549828,0.0032132522983678,5.162112607023815,1.220891616693365e-07,1.220891616693365e-07,True
900,Hyperforin,10,0.1138097451680753,0.0141701516589195,0.0097049565346221,10.2668768431568,1e-16,1e-16,True
900,Quercetin,62,0.032171300082812,0.0147105685945947,0.0039500681629765,4.420362071691446,4.9267831270238815e-06,4.9267831270238815e-06,True
