network_threshold,compound,n_targets,observed_influence,null_mean,null_std,z_score,p_value,p_fdr,significant
700,Hyperforin,9,0.10979854729076498,0.01746537123191893,0.010541387671790522,8.759110179197373,0.0,0.0,True
700,Quercetin,62,0.03262162725393586,0.01603445705498284,0.003213252298367868,5.162112607023815,1.2208916166933648e-07,1.2208916166933648e-07,True
900,Hyperforin,9,0.1022182914626276,0.014085811230116473,0.009984790721585368,8.826672755592579,0.0,0.0,True
900,Quercetin,62,0.03217130008281201,0.01471056859459476,0.003950068162976505,4.420362071691446,4.9267831270238815e-06,4.9267831270238815e-06,True
