network_threshold,compound,n_targets,observed_influence,null_mean,null_std,z_score,p_value,p_fdr,significant
700,Hyperforin,10,0.12116393973846232,0.016313687170099078,0.008680479578533806,12.078854816691267,1e-16,2e-16,True
700,Quercetin,62,0.03262162725393586,0.01567570594211077,0.0030643535974973746,5.530014984453702,1.601017174390762e-08,1.601017174390762e-08,True
900,Hyperforin,10,0.11380974516807538,0.014690641020059526,0.009796086727686625,10.118234648523076,1e-16,2e-16,True
900,Quercetin,62,0.03217130008281201,0.014776876239559129,0.0038204842983304574,4.552936875268457,2.645107530674373e-06,2.645107530674373e-06,True
