k,n_high,power,mean_p,n_valid
5,2,0.2,0.17200000000000001,30
10,5,0.4666666666666667,,30
20,10,0.7666666666666667,0.034,30
30,15,0.8333333333333334,,30
