network,nodes,edges,density
STRING>=900,11693,100383,0.0014685049337394623
STRING>=700,15882,236712,0.00187701279494042
