auc_no_ecnp,auc_with_real_ecnp,real_contribution,shuffled_mean,shuffled_std,p_value
0.8629870129870131,0.878030303030303,0.01504329004328997,0.008673160173160088,0.002819259707020237,0.02
