Hypothesis,Correlation,P_Value,AUC,N
Z_mito -> SR-MMP,0.21856403143507921,0.0009164630857527042,0.5440534642662302,227
Z_reactive -> SR-ARE,-0.03910659447920976,0.5693919351296768,0.5278763971071664,214
Z_reactive -> SR-p53,0.03240632815425286,0.6022523595363194,0.4737124463519313,261
Z_mito -> SR-p53,0.05794009032401051,0.3511601245897433,0.4633660331085224,261
