Subgroup,N,Base_AUC,ECNP_AUC,Lift
All Drugs,202,0.8560606060606062,0.8654761904761904,0.00941558441558421
Direct DILI Hitters,63,0.8723776223776224,0.8618881118881119,-0.010489510489510523
Indirect (Hidden) Risk,139,0.7370762711864406,0.734322033898305,-0.002754237288135619
Cascade (Signaling) Dominant,198,0.8457589285714286,0.8533482142857143,0.007589285714285632
Promiscuous (Dirty),78,0.74,0.7464285714285714,0.00642857142857145
