model,auc_mean_706,auc_std_706
Logistic Regression,0.5740754450907809,0.0414204834147358
Random Forest,0.5622404371584699,0.03555206543233629
Gradient Boosting,0.588164992067689,0.04556542506176262
