tier,n_drugs,auc,ecnp_contribution
Tier 1,901,0.7256839994270162,
Tier 2 (no ECNP),456,0.6896536749538594,
Tier 2 (with ECNP),456,0.6936923243947454,0.004038649440885944
