tier1_drugs,tier1_auc,tier2_drugs,tier2_auc,ecnp_lift,full_dilirank_drugs
202,0.8728354978354979,202,0.8698051948051948,-0.00303030303030305,1336
