compound,metric,observed,z_score,p_value,p_fdr,significant
Hyperforin,d_c,2.5,-0.37056367085104186,0.7109625449577615,0.7109625449577615,False
Hyperforin,RWR,0.08839435429384691,7.476793794249793,3.808064974464287e-14,1.5232259897857148e-13,True
Quercetin,d_c,2.5483870967741935,0.4663034760522419,0.640998290989014,0.7109625449577615,False
Quercetin,RWR,0.023069651243083925,5.24993949368271,7.607458896163877e-08,1.5214917792327753e-07,True
