compound,metric,observed,z_score,p_value,p_fdr,significant
Hyperforin,d_c,2.2222222222222223,-1.3315168703334148,0.18301899771412966,0.18301899771412966,False
Hyperforin,RWR,0.08341582452400952,5.134920027304684,1.4113201241006124e-07,5.645280496402449e-07,True
Quercetin,d_c,2.096774193548387,-4.810101110068523,1.5085396700698084e-06,3.0170793401396168e-06,True
Quercetin,RWR,0.030046798406856923,4.418566716081785,4.967880527173563e-06,6.623840702898083e-06,True
