compound,metric,observed,z_score,p_value,p_fdr,significant
Hyperforin,d_c,1.4444444444444444,-2.8049628264399837,0.005032238308873227,0.006709651078497636,True
Hyperforin,RWR,0.257924410916791,9.501554307805566,0.0,0.0,True
Quercetin,d_c,1.6774193548387097,-5.161715393015537,2.446971221203853e-07,4.893942442407706e-07,True
Quercetin,RWR,0.02271284254907943,1.0359026769730064,0.150123774313345,0.150123774313345,False
