compound,metric,observed,z_score,p_value,p_fdr,significant
Hyperforin,d_c,2.2222222222222223,-1.3378982322975088,0.18092961347934833,0.18092961347934833,False
Hyperforin,RWR,0.08341582452400952,5.3341243552009425,4.800335695609448e-08,1.9201342782437791e-07,True
Quercetin,d_c,2.096774193548387,-5.288281218557894,1.2347105227128452e-07,2.2354555628822936e-07,True
Quercetin,RWR,0.030046798406856923,5.102430822079674,1.6765916721617202e-07,2.2354555628822936e-07,True
