compound,metric,observed,z_score,p_value,p_fdr,significant
Hyperforin,d_c,1.4444444444444444,-2.9188940829750405,0.003512755556598579,0.004683674075464772,True
Hyperforin,RWR,0.257924410916791,9.598189360362081,0.0,0.0,True
Quercetin,d_c,1.6774193548387097,-5.176313217779293,2.2631339957612795e-07,4.526267991522559e-07,True
Quercetin,RWR,0.02271284254907943,1.0443293684274977,0.1481665148519976,0.1481665148519976,False
