compound,metric,observed,z_score,p_value,p_fdr,significant
Hyperforin,d_c,2.7,-0.21160368475757824,0.8324162344076125,0.8324162344076125,False
Hyperforin,RWR,0.07073625068227574,2.995120887383818,0.0013716804625133472,0.0027433609250266944,True
Quercetin,d_c,2.703125,0.35741364128701497,0.7207821660154212,0.8324162344076125,False
Quercetin,RWR,0.022805966597701264,6.614767272568702,1.860678278120531e-11,7.442713112482124e-11,True
