compound,metric,observed,z_score,p_value,p_fdr,significant
Hyperforin,d_c,0.6666666666666666,-5.093264096781956,3.5195089798101264e-07,4.692678639746835e-07,True
Hyperforin,RWR,0.2689299585438572,6.591531022739279,2.176570035317127e-11,8.706280141268508e-11,True
Quercetin,d_c,1.3387096774193548,-5.400035363765494,6.662776153021355e-08,1.332555230604271e-07,True
Quercetin,RWR,0.025533177751311247,0.9741862913757903,0.1649820250109435,0.1649820250109435,False
