compound,metric,observed,z_score,p_value,p_fdr,significant
Hyperforin,d_c,1.5,-1.7106814667850414,0.08713993079606897,0.08713993079606897,False
Hyperforin,RWR,0.09229070735969395,5.366814871566565,4.0069618734150936e-08,1.6027847493660374e-07,True
Quercetin,d_c,1.6935483870967742,-4.444175423733018,8.822959480347947e-06,1.7645918960695894e-05,True
Quercetin,RWR,0.026994382107909883,3.96589114269156,3.65611157355783e-05,4.87481543141044e-05,True
