compound,metric,observed,z_score,p_value,p_fdr,significant
Hyperforin,d_c,1.4444444444444444,-2.239094601970282,0.025149761429798634,0.025149761429798634,True
Hyperforin,RWR,0.08278321071503662,5.233711807626164,8.306971233107419e-08,3.3227884932429674e-07,True
Quercetin,d_c,1.6935483870967742,-4.521988524623255,6.126138160533756e-06,1.150265913955432e-05,True
Quercetin,RWR,0.026994382107909883,4.297750925806996,8.62699435466574e-06,1.150265913955432e-05,True
